Date/Time,Input,Batch Size,Learning Rate,Latent Dim,Hidden Dim,Num Epochs,Num Workers,Loss Type,Target,Train Size,Test SizeAvg, Epoch Time (s),Peak GPU Mem (MB),Peak CPU Mem (MB)
2025-07-22 14:12:54,training_files.txt,64,0.001,32,64,10,4,regression,energy,256,64,9.81,46620.66,3785.88
2025-07-23 13:18:05,training_files.txt,64,0.001,32,64,100,4,regression,energy,35055,8764,809.21,46620.66,6151.19
2025-07-24 11:17:15,training_files.txt,5,0.001,64,128,10,1,regression,energy,256,64,13.92,8782.49,1515.51
2025-07-24 11:28:21,training_files.txt,5,0.001,64,128,10,1,regression,direction,256,64,13.92,8782.49,1509.75
2025-07-24 11:49:59,training_files.txt,5,0.001,64,128,10,1,regression,direction,256,64,13.86,8782.49,1505.46
2025-07-24 11:55:02,training_files.txt,5,0.001,64,128,10,1,regression,energy,256,64,14.01,8782.49,1503.4
2025-07-24 11:59:19,training_files.txt,5,0.001,64,128,1,1,regression,energy,256,64,14.43,8782.49,1519.79
2025-07-24 12:01:00,training_files.txt,5,0.001,64,128,1,1,regression,energy,256,64,14.1,8782.49,1502.66
2025-07-24 12:04:00,training_files.txt,5,0.001,64,128,1,1,regression,energy,256,64,14.14,8782.49,1496.5
2025-07-24 13:13:51,training_files.txt,5,0.001,64,128,1,1,regression,energy,256,64,13.94,8782.49,1518.39
2025-07-24 13:16:31,training_files.txt,5,0.001,64,128,1,1,regression,energy,256,64,13.99,8782.49,1514.46
2025-07-24 13:18:55,training_files.txt,5,0.001,64,128,1,1,regression,energy,256,64,14.0,8782.49,1515.34
2025-07-24 13:20:02,training_files.txt,5,0.001,64,128,1,1,regression,energy,256,64,14.24,8782.49,1526.94
2025-07-24 13:21:55,training_files.txt,5,0.001,64,128,1,1,regression,energy,256,64,13.99,8782.49,1527.81
2025-07-24 14:32:43,training_files.txt,5,0.001,64,128,10,1,regression,energy,256,64,14.43,8836.85,1524.41
2025-07-24 14:52:32,training_files.txt,5,0.001,64,128,10,1,regression,energy,256,64,14.23,12005.0,1621.61
2025-07-24 15:10:03,training_files.txt,5,0.001,64,128,10,1,regression,energy,256,64,17.08,13505.45,1637.99
2025-07-24 15:30:44,training_files.txt,20,0.001,64,128,10,1,regression,energy,256,64,30.76,68621.1,1869.54
2025-07-24 15:42:55,training_files.txt,20,0.001,64,128,100,1,regression,energy,256,64,30.73,68621.1,1901.09
2025-07-24 16:14:07,training_files.txt,20,0.001,64,128,100,1,regression,energy,256,64,30.17,68851.07,1874.02
2025-07-24 16:41:46,training_files.txt,20,0.001,64,128,100,1,regression,energy,256,64,37.77,74852.86,1874.53
2025-07-24 17:11:31,training_files.txt,10,0.001,64,128,100,1,regression,energy,256,64,33.97,49546.48,1762.49
2025-07-24 17:46:45,training_files.txt,10,0.001,64,128,100,1,regression,energy,256,64,33.53,49684.46,1780.69
2025-07-25 10:53:11,training_files.txt,10,0.001,64,128,1,1,regression,energy,256,64,28.23,72226.81,1812.74
2025-07-28 10:28:55,training_files.txt,10,0.001,64,128,1,1,classification,flavour,256,64,29.73,72226.82,1770.57
2025-07-28 12:27:59,training_files.txt,10,0.001,64,128,100,4,classification,flavour,2495,624,256.01,72226.82,2228.93
2025-07-29 09:50:28,training_files.txt,10,0.001,64,128,100,2,classification,flavour,128,32,13.41,72226.82,1906.73
2025-07-29 09:54:32,training_files.txt,10,0.001,64,128,1,2,classification,flavour,128,32,14.33,72226.82,1896.7
2025-07-29 09:55:10,training_files.txt,10,0.001,64,128,1,2,classification,flavour,128,32,14.53,72226.82,1903.29
2025-07-29 09:55:40,training_files.txt,10,0.001,64,128,1,2,classification,flavour,128,32,14.17,72226.82,1921.72
2025-07-29 09:56:52,training_files.txt,10,0.001,64,128,1,2,classification,flavour,128,32,14.33,72226.82,1901.68
2025-07-29 10:13:58,training_files.txt,10,0.001,64,128,1,2,classification,flavour,128,32,15.02,72226.82,1905.62
2025-07-29 10:16:40,training_files.txt,10,0.001,64,128,1,2,classification,flavour,128,32,14.32,72226.82,1913.68
2025-07-29 10:17:15,training_files.txt,10,0.001,64,128,1,2,classification,flavour,128,32,14.79,72226.82,1906.05
2025-07-29 10:17:45,training_files.txt,10,0.001,64,128,1,2,classification,flavour,128,32,14.47,72226.82,1903.34
2025-07-29 10:18:06,training_files.txt,10,0.001,64,128,1,2,classification,flavour,128,32,14.57,72226.82,1890.45
2025-07-29 10:27:30,training_files.txt,10,0.001,64,128,1,2,classification,flavour,128,32,15.36,71760.78,1867.05
2025-07-29 10:28:42,training_files.txt,10,0.001,32,64,1,2,classification,flavour,128,32,9.78,39698.79,1872.34
2025-07-29 10:30:13,training_files.txt,20,0.001,32,64,1,2,classification,flavour,128,32,10.78,79377.92,2164.02
2025-07-29 10:32:14,training_files.txt,20,0.001,32,64,1,2,classification,flavour,128,32,10.6,79377.92,2169.21
2025-07-29 13:30:45,training_files.txt,16,0.001,32,64,1,6,classification,flavour,128,32,10.29,63506.27,2586.21
2025-07-30 11:58:10,training_files.txt,2,0.001,32,64,1,0,classification,flavour,25,7,5.11,7956.39,1824.59
2025-07-30 14:35:35,training_files.txt,2,0.001,32,64,1,6,classification,flavour,25,7,5.18,7956.39,1947.72
2025-07-30 14:40:12,training_files.txt,2,0.001,32,64,1,6,classification,flavour,25,7,5.06,7956.39,1972.9
2025-07-30 14:40:56,training_files.txt,2,0.001,32,64,1,6,classification,flavour,25,7,4.67,7956.39,1916.14
2025-07-30 14:42:32,training_files.txt,16,0.001,32,64,1,6,classification,flavour,256,64,14.11,63507.17,2790.23
2025-07-30 15:05:04,training_files.txt,16,0.001,32,64,1,6,classification,flavour,35055,8764,1175.56,63507.17,1549.6
2025-07-31 10:41:27,training_files.txt,16,0.001,32,64,100,6,classification,flavour,256,64,10.49,63507.17,2841.2
2025-08-05 14:53:55,training_files.txt,16,0.001,32,64,5,6,classification,flavour,256,64,10.54,63507.17,2836.97
2025-08-05 14:55:23,training_files.txt,16,0.001,32,64,5,6,classification,flavour,256,64,10.55,63507.17,2841.1
2025-08-05 14:59:41,training_files.txt,16,0.001,32,64,100,6,classification,flavour,256,64,12.99,63507.17,2845.15
2025-08-06 07:11:43,training_files.txt,16,0.001,32,64,100,6,classification,flavour,35055,8764,1184.77,63507.17,3659.12
2025-08-06 11:52:38,training_files.txt,16,0.0001,32,64,100,6,classification,flavour,256,64,10.44,63507.17,2773.08
2025-08-06 12:30:07,training_files.txt,16,0.0001,32,64,100,6,classification,flavour,256,64,10.37,63507.18,2908.55
2025-08-06 13:43:31,training_files.txt,16,0.001,32,64,100,6,classification,flavour,256,64,10.35,67322.05,2890.83
2025-08-06 13:46:03,training_files.txt,16,0.001,32,64,100,6,classification,flavour,256,64,7.07,30108.86,2796.39
2025-08-06 13:50:47,training_files.txt,16,0.001,64,128,100,6,classification,flavour,256,64,10.89,59509.64,2826.87
2025-08-06 13:55:43,training_files.txt,16,0.001,64,128,100,6,classification,flavour,256,64,10.67,59509.64,2840.19
2025-08-06 14:14:30,training_files.txt,16,0.001,64,128,100,6,classification,flavour,256,64,10.62,59509.64,2827.86
2025-08-08 15:58:16,training_files_nu_e.txt,16,0.001,16,32,1,6,regression,energy,160,40,6.85,15409.95,2315.75
2025-08-08 15:58:59,training_files_nu_e.txt,16,0.001,64,128,1,6,regression,energy,160,40,8.9,59505.17,2468.6
2025-08-08 16:04:18,training_files_nu_e.txt,16,0.001,64,128,40,6,regression,energy,160,40,7.37,59509.62,2544.83
2025-08-09 20:07:12,training_files_nu_e.txt,16,0.001,64,128,100,6,regression,energy,29124,7281,1008.0,59509.62,3570.14
